model,accuracy,precision,recall,f1_score,roc_auc
Baseline Majority Class,0.589041095890411,0.0,0.0,0.0,0.5
Logistic Regression,0.673972602739726,0.624,0.52,0.5672727272727273,0.7180465116279069
Random Forest,0.7178082191780822,0.6821705426356589,0.5866666666666667,0.6308243727598566,0.7506821705426356
